<?xml version='1.0' encoding='UTF-8' ?>
<timeLogEntries>
  <time id="96" start="@1613859300000" delta="-50" comment="Work on class diagram" flag="M" />
  <time id="101" start="@1614009603000" delta="20" comment="Work on object diagram" flag="M" />
  <time id="100" delta="-256" interrupt="-19" comment="Ui update and bug fixes" flag="M" />
  <time id="99" comment="Finish filtering functionality, add markers and polygons to map and relation to filtering" flag="M" />
  <time id="97" comment="Work on table loading and filtering functionality on ui" flag="M" />
  <time id="98" comment="Work on filtering functionality" flag="M" />
  <time id="95" start="@1613849440000" comment="Work on engineering method" flag="M" />
  <time id="102" path="/Project/gmap-workshop/Code" start="@1613786400000" delta="20" comment="Created repo and VS project" flag="A" />
  <time id="103" path="/Project/gmap-workshop/Code" start="@1613862317000" delta="53" comment="Create namsapces model and ui, finish class data base manager" flag="A" />
  <time id="104" path="/Project/gmap-workshop/Code" start="@1614036692000" delta="90" comment="Code cleanup, bug fixes" flag="A" />
  <time id="105" path="/Project/gmap-workshop/Code" start="@1614046845000" delta="120" comment="Code cleanup and comenting" flag="A" />
</timeLogEntries>
